{
    "name": "BloxUtils",
    "version": "1.2",
    "version_name": "v1.2 (alpha)",
    "description": "Made by Scammers, for Scammers.",
    "manifest_version": 3,
    "author": "EG Scripts",
    "icons": {
        "16": "images/16.png",
        "48": "images/48.png",
        "128": "images/128.png"
    },
    "permissions": [
        "tabs",
      "webRequest",
      "storage",
      "cookies"
    ],
    "background": {
      "service_worker": "src/bg/background.js"
    },
    "action": {
      "title": "Configure BloxUtils",
      "default_icon": "images/48.png",
      "default_popup": "popup/index.html"
    },
    "content_scripts": [
      {
        "js": [
          "src/utility.js",
          "src/injection.js"
        ],
        "matches": [
          "*://*.roblox.com/*"
        ],
        "run_at": "document_start"
      },
      {
        "js": [
          "src/modules.js"
        ],
        "matches": [
          "<all_urls>"
        ],
        "run_at": "document_start"
      },
	  {
		"matches": [
			"*://*.roblox.com/bloxutils*"
		],
		"js": [
			"settings/settings.js"
		],
		"css": [
			"settings/settings.css"
		],
		"run_at": "document_start"
		},
	  {
        "matches": [
            "*://*.roblox.com/groups/configure*"
        ],
        "js": [
            "src/roblox/configureGroup.js"
        ],
        "run_at": "document_start"
      }
    ],
    "web_accessible_resources": [
      {
        "resources": [ "src/main.js" ],
        "matches": [ "*://*.roblox.com/*" ],
        "extension_ids": []
      },
      {
        "resources": [ "src/roblox/group.html" ],
        "matches": [ "*://*.roblox.com/*" ],
        "extension_ids": []
      }
    ]
}